UniProt_Accession	UniProt_Entry_Name	Gene_Symbol
A2A3N6	PIPSL_HUMAN	PIPSL
A2RRP1	NBAS_HUMAN	NBAS
A3KMH1	VWA8_HUMAN	VWA8
A6NHR9	SMHD1_HUMAN	SMCHD1
O00139	KIF2A_HUMAN	KIF2A
O00165	HAX1_HUMAN	HAX1
O00170	AIP_HUMAN	AIP
O00178	GTPB1_HUMAN	GTPBP1
O00193	SMAP_HUMAN	SMAP
O00217	NDUS8_HUMAN	NDUFS8
O00231	PSD11_HUMAN	PSMD11
O00232	PSD12_HUMAN	PSMD12
O00233	PSMD9_HUMAN	PSMD9
O00264	PGRC1_HUMAN	PGRMC1
O00303	EIF3F_HUMAN	EIF3F
O00311	CDC7_HUMAN	CDC7
O00399	DCTN6_HUMAN	DCTN6
O00410	IPO5_HUMAN	IPO5
O00411	RPOM_HUMAN	POLRMT
O00422	SAP18_HUMAN	SAP18
O00425	IF2B3_HUMAN	IGF2BP3
O00442	RTCA_HUMAN	RTCA
O00461	GOLI4_HUMAN	GOLIM4
O00469	PLOD2_HUMAN	PLOD2
O00471	EXOC5_HUMAN	EXOC5
O00483	CXFA4_HUMAN	COXFA4
O00487	PSDE_HUMAN	PSMD14
O00505	IMA4_HUMAN	KPNA3
O00566	MPP10_HUMAN	MPHOSPH10
O00567	NOP56_HUMAN	NOP56
O00571	DDX3X_HUMAN	DDX3X
O00622	CCN1_HUMAN	CCN1
O00629	IMA3_HUMAN	KPNA4
O00743	PPP6_HUMAN	PPP6C
O14519	CDKA1_HUMAN	CDK2AP1
O14530	TXND9_HUMAN	TXNDC9
O14545	TRAD1_HUMAN	TRAFD1
O14576	DC1I1_HUMAN	DYNC1I1
O14579	COPE_HUMAN	COPE
O14646	CHD1_HUMAN	CHD1
O14654	IRS4_HUMAN	IRS4
O14734	ACOT8_HUMAN	ACOT8
O14737	PDCD5_HUMAN	PDCD5
O14744	ANM5_HUMAN	PRMT5
O14802	RPC1_HUMAN	POLR3A
O14818	PSA7_HUMAN	PSMA7
O14929	HAT1_HUMAN	HAT1
O14965	AURKA_HUMAN	AURKA
O14974	MYPT1_HUMAN	PPP1R12A
O14979	HNRDL_HUMAN	HNRNPDL
O14980	XPO1_HUMAN	XPO1
O15042	SR140_HUMAN	U2SURP
O15067	PUR4_HUMAN	PFAS
O15078	CE290_HUMAN	CEP290
O15116	LSM1_HUMAN	LSM1
O15160	RPAC1_HUMAN	POLR1C
O15212	PFD6_HUMAN	PFDN6
O15226	NKRF_HUMAN	NKRF
O15234	CASC3_HUMAN	CASC3
O15269	SPTC1_HUMAN	SPTLC1
O15294	OGT1_HUMAN	OGT
O15347	HMGB3_HUMAN	HMGB3
O15355	PPM1G_HUMAN	PPM1G
O15371	EIF3D_HUMAN	EIF3D
O15372	EIF3H_HUMAN	EIF3H
O43143	DHX15_HUMAN	DHX15
O43148	MCES_HUMAN	RNMT
O43172	PRP4_HUMAN	PRPF4
O43175	SERA_HUMAN	PHGDH
O43237	DC1L2_HUMAN	DYNC1LI2
O43242	PSMD3_HUMAN	PSMD3
O43251	RFOX2_HUMAN	RBFOX2
O43264	ZW10_HUMAN	ZW10
O43318	M3K7_HUMAN	MAP3K7
O43324	MCA3_HUMAN	EEF1E1
O43347	MSI1H_HUMAN	MSI1
O43390	HNRPR_HUMAN	HNRNPR
O43395	PRPF3_HUMAN	PRPF3
O43432	IF4G3_HUMAN	EIF4G3
O43447	PPIH_HUMAN	PPIH
O43491	E41L2_HUMAN	EPB41L2
O43583	DENR_HUMAN	DENR
O43592	XPOT_HUMAN	XPOT
O43660	PLRG1_HUMAN	PLRG1
O43663	PRC1_HUMAN	PRC1
O43684	BUB3_HUMAN	BUB3
O43707	ACTN4_HUMAN	ACTN4
O43719	HTSF1_HUMAN	HTATSF1
O43765	SGTA_HUMAN	SGTA
O43776	SYNC_HUMAN	NARS1
O43809	CPSF5_HUMAN	NUDT21
O43818	U3IP2_HUMAN	RRP9
O43819	SCO2_HUMAN	SCO2
O43823	AKAP8_HUMAN	AKAP8
O43852	CALU_HUMAN	CALU
O43865	SAHH2_HUMAN	AHCYL1
O43913	ORC5_HUMAN	ORC5
O43920	NDUS5_HUMAN	NDUFS5
O60216	RAD21_HUMAN	RAD21
O60220	TIM8A_HUMAN	TIMM8A
O60232	ZNRD2_HUMAN	ZNRD2
O60264	SMCA5_HUMAN	SMARCA5
O60271	JIP4_HUMAN	SPAG9
O60282	KIF5C_HUMAN	KIF5C
O60343	TBCD4_HUMAN	TBC1D4
O60493	SNX3_HUMAN	SNX3
O60506	HNRPQ_HUMAN	SYNCRIP
O60563	CCNT1_HUMAN	CCNT1
O60568	PLOD3_HUMAN	PLOD3
O60573	IF4E2_HUMAN	EIF4E2
O60610	DIAP1_HUMAN	DIAPH1
O60613	SEP15_HUMAN	SELENOF
O60645	EXOC3_HUMAN	EXOC3
O60684	IMA7_HUMAN	KPNA6
O60716	CTND1_HUMAN	CTNND1
O60739	EIF1B_HUMAN	EIF1B
O60762	DPM1_HUMAN	DPM1
O60783	RT14_HUMAN	MRPS14
O60832	DKC1_HUMAN	DKC1
O60869	EDF1_HUMAN	EDF1
O60884	DNJA2_HUMAN	DNAJA2
O60925	PFD1_HUMAN	PFDN1
O60942	MCE1_HUMAN	RNGTT
O75150	BRE1B_HUMAN	RNF40
O75153	CLU_HUMAN	CLUH
O75165	DJC13_HUMAN	DNAJC13
O75190	DNJB6_HUMAN	DNAJB6
O75251	NDUS7_HUMAN	NDUFS7
O75306	NDUS2_HUMAN	NDUFS2
O75340	PDCD6_HUMAN	PDCD6
O75351	VPS4B_HUMAN	VPS4B
O75367	H2AY_HUMAN	MACROH2A1
O75369	FLNB_HUMAN	FLNB
O75380	NDUS6_HUMAN	NDUFS6
O75381	PEX14_HUMAN	PEX14
O75394	RM33_HUMAN	MRPL33
O75400	PR40A_HUMAN	PRPF40A
O75419	CDC45_HUMAN	CDC45
O75439	MPPB_HUMAN	PMPCB
O75489	NDUS3_HUMAN	NDUFS3
O75494	SRS10_HUMAN	SRSF10
O75531	BAF_HUMAN	BANF1
O75533	SF3B1_HUMAN	SF3B1
O75534	CSDE1_HUMAN	CSDE1
O75569	PRKRA_HUMAN	PRKRA
O75607	NPM3_HUMAN	NPM3
O75616	ERAL1_HUMAN	ERAL1
O75643	U520_HUMAN	SNRNP200
O75663	TIPRL_HUMAN	TIPRL
O75688	PPM1B_HUMAN	PPM1B
O75792	RNH2A_HUMAN	RNASEH2A
O75817	POP7_HUMAN	POP7
O75818	RPP40_HUMAN	RPP40
O75821	EIF3G_HUMAN	EIF3G
O75832	PSD10_HUMAN	PSMD10
O75879	GATB_HUMAN	GATB
O75880	SCO1_HUMAN	SCO1
O75934	SPF27_HUMAN	BCAS2
O75935	DCTN3_HUMAN	DCTN3
O75937	DNJC8_HUMAN	DNAJC8
O75940	SPF30_HUMAN	SMNDC1
O75947	ATP5H_HUMAN	ATP5PD
O75964	ATP5L_HUMAN	ATP5MG
O76021	RL1D1_HUMAN	RSL1D1
O76031	CLPX_HUMAN	CLPX
O76071	CIAO1_HUMAN	CIAO1
O76094	SRP72_HUMAN	SRP72
O94776	MTA2_HUMAN	MTA2
O94826	TOM70_HUMAN	TOMM70
O94903	PLPHP_HUMAN	PLPBP
O94906	PRP6_HUMAN	PRPF6
O94952	FBX21_HUMAN	FBXO21
O94979	SC31A_HUMAN	SEC31A
O94992	HEXI1_HUMAN	HEXIM1
O95059	RPP14_HUMAN	RPP14
O95071	UBR5_HUMAN	UBR5
O95163	ELP1_HUMAN	ELP1
O95168	NDUB4_HUMAN	NDUFB4
O95232	LC7L3_HUMAN	LUC7L3
O95239	KIF4A_HUMAN	KIF4A
O95251	KAT7_HUMAN	KAT7
O95260	ATE1_HUMAN	ATE1
O95278	EPM2A_HUMAN	EPM2A
O95299	NDUAA_HUMAN	NDUFA10
O95347	SMC2_HUMAN	SMC2
O95373	IPO7_HUMAN	IPO7
O95396	MOCS3_HUMAN	MOCS3
O95400	CD2B2_HUMAN	CD2BP2
O95707	RPP29_HUMAN	POP4
O95757	HS74L_HUMAN	HSPA4L
O95777	LSM8_HUMAN	LSM8
O95793	STAU1_HUMAN	STAU1
O95816	BAG2_HUMAN	BAG2
O95831	AIFM1_HUMAN	AIFM1
O95881	TXD12_HUMAN	TXNDC12
O95983	MBD3_HUMAN	MBD3
O96000	NDUBA_HUMAN	NDUFB10
O96006	ZBED1_HUMAN	ZBED1
O96008	TOM40_HUMAN	TOMM40
O96019	ACL6A_HUMAN	ACTL6A
P00338	LDHA_HUMAN	LDHA
P00367	DHE3_HUMAN	GLUD1
P00374	DYR_HUMAN	DHFR
P00390	GSHR_HUMAN	GSR
P00403	COX2_HUMAN	MT-CO2
P00492	HPRT_HUMAN	HPRT1
P01859	IGHG2_HUMAN	IGHG2
P02808	STAT_HUMAN	STATH
P04040	CATA_HUMAN	CAT
P04049	RAF1_HUMAN	RAF1
P04075	ALDOA_HUMAN	ALDOA
P04080	CYTB_HUMAN	CSTB
P04181	OAT_HUMAN	OAT
P04183	KITH_HUMAN	TK1
P04259	K2C6B_HUMAN	KRT6B
P04264	K2C1_HUMAN	KRT1
P04350	TBB4A_HUMAN	TUBB4A
P04406	G3P_HUMAN	GAPDH
P04637	P53_HUMAN	TP53
P04792	HSPB1_HUMAN	HSPB1
P04843	RPN1_HUMAN	RPN1
P04844	RPN2_HUMAN	RPN2
P05023	AT1A1_HUMAN	ATP1A1
P05089	ARGI1_HUMAN	ARG1
P05141	ADT2_HUMAN	SLC25A5
P05198	IF2A_HUMAN	EIF2S1
P05386	RLA1_HUMAN	RPLP1
P05387	RLA2_HUMAN	RPLP2
P05388	RLA0_HUMAN	RPLP0
P05455	LA_HUMAN	SSB
P05556	ITB1_HUMAN	ITGB1
P06454	PTMA_HUMAN	PTMA
P06576	ATPB_HUMAN	ATP5F1B
P06733	ENOA_HUMAN	ENO1
P06737	PYGL_HUMAN	PYGL
P06744	G6PI_HUMAN	GPI
P06748	NPM_HUMAN	NPM1
P07195	LDHB_HUMAN	LDHB
P07203	GPX1_HUMAN	GPX1
P07237	PDIA1_HUMAN	P4HB
P07355	ANXA2_HUMAN	ANXA2
P07437	TBB5_HUMAN	TUBB
P07737	PROF1_HUMAN	PFN1
P07814	SYEP_HUMAN	EPRS1
P07900	HS90A_HUMAN	HSP90AA1
P07910	HNRPC_HUMAN	HNRNPC
P07919	QCR6_HUMAN	UQCRH
P08195	4F2_HUMAN	SLC3A2
P08238	HS90B_HUMAN	HSP90AB1
P08243	ASNS_HUMAN	ASNS
P08574	CY1_HUMAN	CYC1
P08579	RU2B_HUMAN	SNRPB2
P08621	RU17_HUMAN	SNRNP70
P08670	VIME_HUMAN	VIM
P08708	RS17_HUMAN	RPS17
P08865	RSSA_HUMAN	RPSA
P09001	RM03_HUMAN	MRPL3
P09012	SNRPA_HUMAN	SNRPA
P09132	SRP19_HUMAN	SRP19
P09211	GSTP1_HUMAN	GSTP1
P09234	RU1C_HUMAN	SNRPC
P09429	HMGB1_HUMAN	HMGB1
P09496	CLCA_HUMAN	CLTA
P09543	CN37_HUMAN	CNP
P09651	ROA1_HUMAN	HNRNPA1
P09661	RU2A_HUMAN	SNRPA1
P09874	PARP1_HUMAN	PARP1
P0C853	BAAS2_HUMAN	BAALC-AS2
P0DPB6	RPAC2_HUMAN	POLR1D
P10155	RO60_HUMAN	RO60
P10412	H14_HUMAN	H1-4
P10599	THIO_HUMAN	TXN
P10644	KAP0_HUMAN	PRKAR1A
P10809	CH60_HUMAN	HSPD1
P11021	BIP_HUMAN	HSPA5
P11142	HSP7C_HUMAN	HSPA8
P11171	EPB41_HUMAN	EPB41
P11177	ODPB_HUMAN	PDHB
P11277	SPTB1_HUMAN	SPTB
P11387	TOP1_HUMAN	TOP1
P11413	G6PD_HUMAN	G6PD
P11441	UBL4A_HUMAN	UBL4A
P11532	DMD_HUMAN	DMD
P11586	C1TC_HUMAN	MTHFD1
P11717	MPRI_HUMAN	IGF2R
P11940	PABP1_HUMAN	PABPC1
P12004	PCNA_HUMAN	PCNA
P12236	ADT3_HUMAN	SLC25A6
P12268	IMDH2_HUMAN	IMPDH2
P12277	KCRB_HUMAN	CKB
P12532	KCRU_HUMAN	CKMT1A; CKMT1B
P12956	XRCC6_HUMAN	XRCC6
P13010	XRCC5_HUMAN	XRCC5
P13639	EF2_HUMAN	EEF2
P13674	P4HA1_HUMAN	P4HA1
P13797	PLST_HUMAN	PLS3
P13984	T2FB_HUMAN	GTF2F2
P14174	MIF_HUMAN	MIF
P14314	GLU2B_HUMAN	PRKCSH
P14406	CX7A2_HUMAN	COX7A2
P14618	KPYM_HUMAN	PKM
P14625	ENPL_HUMAN	HSP90B1
P14735	IDE_HUMAN	IDE
P14866	HNRPL_HUMAN	HNRNPL
P14868	SYDC_HUMAN	DARS1
P14923	PLAK_HUMAN	JUP
P15104	GLNA_HUMAN	GLUL
P15311	EZRI_HUMAN	EZR
P15880	RS2_HUMAN	RPS2
P15924	DESP_HUMAN	DSP
P15927	RFA2_HUMAN	RPA2
P16152	CBR1_HUMAN	CBR1
P16278	BGAL_HUMAN	GLB1
P16403	H12_HUMAN	H1-2
P16615	AT2A2_HUMAN	ATP2A2
P16949	STMN1_HUMAN	STMN1
P16989	YBOX3_HUMAN	YBX3
P17028	ZNF24_HUMAN	ZNF24
P17029	ZKSC1_HUMAN	ZKSCAN1
P17066	HSP76_HUMAN	HSPA6
P17480	UBF1_HUMAN	UBTF
P17612	KAPCA_HUMAN	PRKACA
P17707	DCAM_HUMAN	AMD1
P17812	PYRG1_HUMAN	CTPS1
P17844	DDX5_HUMAN	DDX5
P17980	PRS6A_HUMAN	PSMC3
P17987	TCPA_HUMAN	TCP1
P18031	PTN1_HUMAN	PTPN1
P18077	RL35A_HUMAN	RPL35A
P18124	RL7_HUMAN	RPL7
P18621	RL17_HUMAN	RPL17
P18669	PGAM1_HUMAN	PGAM1
P18859	ATP5J_HUMAN	ATP5PF
P19338	NUCL_HUMAN	NCL
P19388	RPAB1_HUMAN	POLR2E
P19474	RO52_HUMAN	TRIM21
P19784	CSK22_HUMAN	CSNK2A2
P20020	AT2B1_HUMAN	ATP2B1
P20290	BTF3_HUMAN	BTF3
P20618	PSB1_HUMAN	PSMB1
P20674	COX5A_HUMAN	COX5A
P20700	LMNB1_HUMAN	LMNB1
P20719	HXA5_HUMAN	HOXA5
P21266	GSTM3_HUMAN	GSTM3
P21333	FLNA_HUMAN	FLNA
P21796	VDAC1_HUMAN	VDAC1
P22061	PIMT_HUMAN	PCMT1
P22087	FBRL_HUMAN	FBL
P22102	PUR2_HUMAN	GART
P22234	PUR6_HUMAN	PAICS
P22314	UBA1_HUMAN	UBA1
P22392	NDKB_HUMAN	NME2
P22626	ROA2_HUMAN	HNRNPA2B1
P22695	QCR2_HUMAN	UQCRC2
P22830	HEMH_HUMAN	FECH
P23246	SFPQ_HUMAN	SFPQ
P23284	PPIB_HUMAN	PPIB
P23381	SYWC_HUMAN	WARS1
P23396	RS3_HUMAN	RPS3
P23526	SAHH_HUMAN	AHCY
P23528	COF1_HUMAN	CFL1
P23588	IF4B_HUMAN	EIF4B
P23610	HAP40_HUMAN	F8A1; F8A2; F8A3
P23921	RIR1_HUMAN	RRM1
P24534	EF1B_HUMAN	EEF1B2
P24539	AT5F1_HUMAN	ATP5PB
P25205	MCM3_HUMAN	MCM3
P25398	RS12_HUMAN	RPS12
P25685	DNJB1_HUMAN	DNAJB1
P25686	DNJB2_HUMAN	DNAJB2
P25705	ATPA_HUMAN	ATP5F1A
P25786	PSA1_HUMAN	PSMA1
P25787	PSA2_HUMAN	PSMA2
P25788	PSA3_HUMAN	PSMA3
P25789	PSA4_HUMAN	PSMA4
P26196	DDX6_HUMAN	DDX6
P26358	DNMT1_HUMAN	DNMT1
P26368	U2AF2_HUMAN	U2AF2
P26373	RL13_HUMAN	RPL13
P26583	HMGB2_HUMAN	HMGB2
P26599	PTBP1_HUMAN	PTBP1
P26640	SYVC_HUMAN	VARS1
P26641	EF1G_HUMAN	EEF1G
P27348	1433T_HUMAN	YWHAQ
P27635	RL10_HUMAN	RPL10
P27694	RFA1_HUMAN	RPA1
P27708	PYR1_HUMAN	CAD
P27797	CALR_HUMAN	CALR
P27816	MAP4_HUMAN	MAP4
P27824	CALX_HUMAN	CANX
P28066	PSA5_HUMAN	PSMA5
P28070	PSB4_HUMAN	PSMB4
P28072	PSB6_HUMAN	PSMB6
P28074	PSB5_HUMAN	PSMB5
P28331	NDUS1_HUMAN	NDUFS1
P29372	3MG_HUMAN	MPG
P29558	RBMS1_HUMAN	RBMS1
P29692	EF1D_HUMAN	EEF1D
P30041	PRDX6_HUMAN	PRDX6
P30048	PRDX3_HUMAN	PRDX3
P30049	ATPD_HUMAN	ATP5F1D
P30050	RL12_HUMAN	RPL12
P30101	PDIA3_HUMAN	PDIA3
P30153	2AAA_HUMAN	PPP2R1A
P30260	CDC27_HUMAN	CDC27
P30405	PPIF_HUMAN	PPIF
P30622	CLIP1_HUMAN	CLIP1
P30837	AL1B1_HUMAN	ALDH1B1
P30876	RPB2_HUMAN	POLR2B
P31040	SDHA_HUMAN	SDHA
P31153	METK2_HUMAN	MAT2A
P31689	DNJA1_HUMAN	DNAJA1
P31930	QCR1_HUMAN	UQCRC1
P31941	ABC3A_HUMAN	APOBEC3A
P31942	HNRH3_HUMAN	HNRNPH3
P31943	HNRH1_HUMAN	HNRNPH1
P31944	CASPE_HUMAN	CASP14
P31946	1433B_HUMAN	YWHAB
P31948	STIP1_HUMAN	STIP1
P32119	PRDX2_HUMAN	PRDX2
P32322	P5CR1_HUMAN	PYCR1
P32455	GBP1_HUMAN	GBP1
P32969	RL9_HUMAN	RPL9; RPL9P7; RPL9P8; RPL9P9
P33176	KINH_HUMAN	KIF5B
P33240	CSTF2_HUMAN	CSTF2
P33316	DUT_HUMAN	DUT
P33991	MCM4_HUMAN	MCM4
P33992	MCM5_HUMAN	MCM5
P33993	MCM7_HUMAN	MCM7
P34931	HS71L_HUMAN	HSPA1L
P34932	HSP74_HUMAN	HSPA4
P35030	TRY3_HUMAN	PRSS3
P35080	PROF2_HUMAN	PFN2
P35221	CTNA1_HUMAN	CTNNA1
P35222	CTNB1_HUMAN	CTNNB1
P35232	PHB1_HUMAN	PHB1
P35244	RFA3_HUMAN	RPA3
P35249	RFC4_HUMAN	RFC4
P35250	RFC2_HUMAN	RFC2
P35251	RFC1_HUMAN	RFC1
P35268	RL22_HUMAN	RPL22
P35269	T2FA_HUMAN	GTF2F1
P35527	K1C9_HUMAN	KRT9
P35573	GDE_HUMAN	AGL
P35579	MYH9_HUMAN	MYH9
P35580	MYH10_HUMAN	MYH10
P35606	COPB2_HUMAN	COPB2
P35611	ADDA_HUMAN	ADD1
P35613	BASI_HUMAN	BSG
P35637	FUS_HUMAN	FUS
P35659	DEK_HUMAN	DEK
P35813	PPM1A_HUMAN	PPM1A
P35998	PRS7_HUMAN	PSMC2
P36542	ATPG_HUMAN	ATP5F1C
P36578	RL4_HUMAN	RPL4
P36776	LONM_HUMAN	LONP1
P36873	PP1G_HUMAN	PPP1CC
P37108	SRP14_HUMAN	SRP14
P37198	NUP62_HUMAN	NUP62
P37802	TAGL2_HUMAN	TAGLN2
P38159	RBMX_HUMAN	RBMX
P38606	VATA_HUMAN	ATP6V1A
P38646	HSPA9_HUMAN	HSPA9
P38919	IF4A3_HUMAN	EIF4A3
P38935	SMBP2_HUMAN	IGHMBP2
P39019	RS19_HUMAN	RPS19
P39023	RL3_HUMAN	RPL3
P39656	OST48_HUMAN	DDOST
P40222	TXLNA_HUMAN	TXLNA
P40227	TCPZ_HUMAN	CCT6A
P40429	RL13A_HUMAN	RPL13A
P40855	PEX19_HUMAN	PEX19
P40926	MDHM_HUMAN	MDH2
P40938	RFC3_HUMAN	RFC3
P40939	ECHA_HUMAN	HADHA
P41208	CETN2_HUMAN	CETN2
P41250	GARS_HUMAN	GARS1
P41252	SYIC_HUMAN	IARS1
P41567	EIF1_HUMAN	EIF1
P42025	ACTY_HUMAN	ACTR1B
P42166	LAP2A_HUMAN	TMPO
P42285	MTREX_HUMAN	MTREX
P42677	RS27_HUMAN	RPS27
P42696	RBM34_HUMAN	RBM34
P42704	LPPRC_HUMAN	LRPPRC
P42766	RL35_HUMAN	RPL35
P42771	CDN2A_HUMAN	CDKN2A
P43243	MATR3_HUMAN	MATR3
P43307	SSRA_HUMAN	SSR1
P43487	RANG_HUMAN	RANBP1
P43686	PRS6B_HUMAN	PSMC4
P45880	VDAC2_HUMAN	VDAC2
P45973	CBX5_HUMAN	CBX5
P46020	KPB1_HUMAN	PHKA1
P46060	RAGP1_HUMAN	RANGAP1
P46087	NOP2_HUMAN	NOP2
P46109	CRKL_HUMAN	CRKL
P46379	BAG6_HUMAN	BAG6
P46459	NSF_HUMAN	NSF
P46776	RL27A_HUMAN	RPL27A
P46777	RL5_HUMAN	RPL5
P46778	RL21_HUMAN	RPL21
P46779	RL28_HUMAN	RPL28
P46781	RS9_HUMAN	RPS9
P46782	RS5_HUMAN	RPS5
P46783	RS10_HUMAN	RPS10
P46977	STT3A_HUMAN	STT3A
P47755	CAZA2_HUMAN	CAPZA2
P47756	CAPZB_HUMAN	CAPZB
P47897	SYQ_HUMAN	QARS1
P47914	RL29_HUMAN	RPL29
P48047	ATPO_HUMAN	ATP5PO
P48444	COPD_HUMAN	ARCN1
P48507	GSH0_HUMAN	GCLM
P48556	PSMD8_HUMAN	PSMD8
P48634	PRC2A_HUMAN	PRRC2A
P48637	GSHB_HUMAN	GSS
P48643	TCPE_HUMAN	CCT5
P49006	MRP_HUMAN	MARCKSL1
P49207	RL34_HUMAN	RPL34
P49257	LMAN1_HUMAN	LMAN1
P49321	NASP_HUMAN	NASP
P49327	FAS_HUMAN	FASN
P49368	TCPG_HUMAN	CCT3
P49406	RM19_HUMAN	MRPL19
P49411	EFTU_HUMAN	TUFM
P49458	SRP09_HUMAN	SRP9
P49642	PRI1_HUMAN	PRIM1
P49711	CTCF_HUMAN	CTCF
P49720	PSB3_HUMAN	PSMB3
P49721	PSB2_HUMAN	PSMB2
P49736	MCM2_HUMAN	MCM2
P49756	RBM25_HUMAN	RBM25
P49770	EI2BB_HUMAN	EIF2B2
P49790	NU153_HUMAN	NUP153
P49915	GUAA_HUMAN	GMPS
P50402	EMD_HUMAN	EMD
P50579	MAP2_HUMAN	METAP2
P50747	BPL1_HUMAN	HLCS
P50750	CDK9_HUMAN	CDK9
P50914	RL14_HUMAN	RPL14
P50990	TCPQ_HUMAN	CCT8
P50991	TCPD_HUMAN	CCT4
P51114	FXR1_HUMAN	FXR1
P51398	RT29_HUMAN	DAP3
P51532	SMCA4_HUMAN	SMARCA4
P51571	SSRD_HUMAN	SSR4
P51572	BAP31_HUMAN	BCAP31
P51610	HCFC1_HUMAN	HCFC1
P51617	IRAK1_HUMAN	IRAK1
P51648	AL3A2_HUMAN	ALDH3A2
P51665	PSMD7_HUMAN	PSMD7
P51808	DYLT3_HUMAN	DYNLT3
P51858	HDGF_HUMAN	HDGF
P51970	NDUA8_HUMAN	NDUFA8
P51991	ROA3_HUMAN	HNRNPA3
P52179	MYOM1_HUMAN	MYOM1
P52272	HNRPM_HUMAN	HNRNPM
P52292	IMA1_HUMAN	KPNA2
P52294	IMA5_HUMAN	KPNA1
P52298	NCBP2_HUMAN	NCBP2
P52434	RPAB3_HUMAN	POLR2H
P52565	GDIR1_HUMAN	ARHGDIA
P52597	HNRPF_HUMAN	HNRNPF
P52732	KIF11_HUMAN	KIF11
P52815	RM12_HUMAN	MRPL12
P52907	CAZA1_HUMAN	CAPZA1
P53004	BIEA_HUMAN	BLVRA
P53041	PPP5_HUMAN	PPP5C
P53396	ACLY_HUMAN	ACLY
P53618	COPB_HUMAN	COPB1
P53621	COPA_HUMAN	COPA
P54105	ICLN_HUMAN	CLNS1A
P54136	SYRC_HUMAN	RARS1
P54577	SYYC_HUMAN	YARS1
P54687	BCAT1_HUMAN	BCAT1
P54727	RD23B_HUMAN	RAD23B
P54886	P5CS_HUMAN	ALDH18A1
P55036	PSMD4_HUMAN	PSMD4
P55060	XPO2_HUMAN	CSE1L
P55072	TERA_HUMAN	VCP
P55081	MFAP1_HUMAN	MFAP1
P55084	ECHB_HUMAN	HADHB
P55145	MANF_HUMAN	MANF
P55196	AFAD_HUMAN	AFDN
P55199	ELL_HUMAN	ELL
P55209	NP1L1_HUMAN	NAP1L1
P55265	DSRAD_HUMAN	ADAR
P55735	SEC13_HUMAN	SEC13
P55769	NH2L1_HUMAN	SNU13
P55795	HNRH2_HUMAN	HNRNPH2
P55884	EIF3B_HUMAN	EIF3B
P56134	ATPK_HUMAN	ATP5MF
P56182	RRP1_HUMAN	RRP1
P56192	SYMC_HUMAN	MARS1
P56270	MAZ_HUMAN	MAZ
P56277	CMC4_HUMAN	CMC4
P56537	IF6_HUMAN	EIF6
P57081	WDR4_HUMAN	WDR4
P57740	NU107_HUMAN	NUP107
P58546	MTPN_HUMAN	MTPN
P60059	SC61G_HUMAN	SEC61G
P60174	TPIS_HUMAN	TPI1
P60228	EIF3E_HUMAN	EIF3E
P60468	SC61B_HUMAN	SEC61B
P60604	UB2G2_HUMAN	UBE2G2
P60660	MYL6_HUMAN	MYL6
P60709	ACTB_HUMAN	ACTB
P60842	IF4A1_HUMAN	EIF4A1
P60866	RS20_HUMAN	RPS20
P60900	PSA6_HUMAN	PSMA6
P60953	CDC42_HUMAN	CDC42
P60981	DEST_HUMAN	DSTN
P61011	SRP54_HUMAN	SRP54
P61160	ARP2_HUMAN	ACTR2
P61163	ACTZ_HUMAN	ACTR1A
P61247	RS3A_HUMAN	RPS3A
P61254	RL26_HUMAN	RPL26
P61289	PSME3_HUMAN	PSME3
P61313	RL15_HUMAN	RPL15
P61353	RL27_HUMAN	RPL27
P61513	RL37A_HUMAN	RPL37A
P61604	CH10_HUMAN	HSPE1
P61619	S61A1_HUMAN	SEC61A1
P61758	PFD3_HUMAN	VBP1
P61923	COPZ1_HUMAN	COPZ1
P61962	DCAF7_HUMAN	DCAF7
P61964	WDR5_HUMAN	WDR5
P61978	HNRPK_HUMAN	HNRNPK
P61981	1433G_HUMAN	YWHAG
P62081	RS7_HUMAN	RPS7
P62136	PP1A_HUMAN	PPP1CA
P62140	PP1B_HUMAN	PPP1CB
P62191	PRS4_HUMAN	PSMC1
P62195	PRS8_HUMAN	PSMC5
P62241	RS8_HUMAN	RPS8
P62244	RS15A_HUMAN	RPS15A
P62249	RS16_HUMAN	RPS16
P62258	1433E_HUMAN	YWHAE
P62263	RS14_HUMAN	RPS14
P62266	RS23_HUMAN	RPS23
P62269	RS18_HUMAN	RPS18
P62273	RS29_HUMAN	RPS29
P62277	RS13_HUMAN	RPS13
P62280	RS11_HUMAN	RPS11
P62304	RUXE_HUMAN	SNRPE
P62306	RUXF_HUMAN	SNRPF
P62310	LSM3_HUMAN	LSM3
P62312	LSM6_HUMAN	LSM6
P62314	SMD1_HUMAN	SNRPD1
P62316	SMD2_HUMAN	SNRPD2
P62318	SMD3_HUMAN	SNRPD3
P62328	TYB4_HUMAN	TMSB4X
P62333	PRS10_HUMAN	PSMC6
P62424	RL7A_HUMAN	RPL7A
P62633	CNBP_HUMAN	CNBP
P62701	RS4X_HUMAN	RPS4X
P62750	RL23A_HUMAN	RPL23A
P62753	RS6_HUMAN	RPS6
P62805	H4_HUMAN	H4C1; H4C2; H4C3; H4C4; H4C5; H4C6; H4C8; H4C9; H4C11; H4C12; H4C13; H4C14; H4C15; H4C16
P62826	RAN_HUMAN	RAN
P62829	RL23_HUMAN	RPL23
P62841	RS15_HUMAN	RPS15
P62847	RS24_HUMAN	RPS24
P62851	RS25_HUMAN	RPS25
P62854	RS26_HUMAN	RPS26
P62857	RS28_HUMAN	RPS28
P62861	RS30_HUMAN	FAU
P62873	GBB1_HUMAN	GNB1
P62877	RBX1_HUMAN	RBX1
P62879	GBB2_HUMAN	GNB2
P62888	RL30_HUMAN	RPL30
P62899	RL31_HUMAN	RPL31
P62906	RL10A_HUMAN	RPL10A
P62910	RL32_HUMAN	RPL32
P62913	RL11_HUMAN	RPL11
P62917	RL8_HUMAN	RPL8
P62937	PPIA_HUMAN	PPIA
P62942	FKB1A_HUMAN	FKBP1A
P62979	RS27A_HUMAN	RPS27A
P62987	RL40_HUMAN	UBA52
P62995	TRA2B_HUMAN	TRA2B
P63104	1433Z_HUMAN	YWHAZ
P63151	2ABA_HUMAN	PPP2R2A
P63167	DYL1_HUMAN	DYNLL1
P63172	DYLT1_HUMAN	DYNLT1
P63173	RL38_HUMAN	RPL38
P63208	SKP1_HUMAN	SKP1
P63220	RS21_HUMAN	RPS21
P63241	IF5A1_HUMAN	EIF5A
P63244	RACK1_HUMAN	RACK1
P63261	ACTG_HUMAN	ACTG1
P63279	UBC9_HUMAN	UBE2I
P67775	PP2AA_HUMAN	PPP2CA
P67809	YBOX1_HUMAN	YBX1
P67870	CSK2B_HUMAN	CSNK2B
P68104	EF1A1_HUMAN	EEF1A1
P68366	TBA4A_HUMAN	TUBA4A
P68371	TBB4B_HUMAN	TUBB4B
P68400	CSK21_HUMAN	CSNK2A1
P78318	IGBP1_HUMAN	IGBP1
P78332	RBM6_HUMAN	RBM6
P78345	RPP38_HUMAN	RPP38
P78346	RPP30_HUMAN	RPP30
P78347	GTF2I_HUMAN	GTF2I
P78371	TCPB_HUMAN	CCT2
P78527	PRKDC_HUMAN	PRKDC
P78549	NTH_HUMAN	NTHL1
P81605	DCD_HUMAN	DCD
P82650	RT22_HUMAN	MRPS22
P82663	RT25_HUMAN	MRPS25
P82664	RT10_HUMAN	MRPS10
P82673	RT35_HUMAN	MRPS35
P82675	RT05_HUMAN	MRPS5
P82912	RT11_HUMAN	MRPS11
P82914	RT15_HUMAN	MRPS15
P82921	RT21_HUMAN	MRPS21
P82930	RT34_HUMAN	MRPS34
P82932	RT06_HUMAN	MRPS6
P82933	RT09_HUMAN	MRPS9
P82979	SARNP_HUMAN	SARNP
P83731	RL24_HUMAN	RPL24
P83881	RL36A_HUMAN	RPL36A
P84090	ERH_HUMAN	ERH
P84098	RL19_HUMAN	RPL19
P84103	SRSF3_HUMAN	SRSF3
P98175	RBM10_HUMAN	RBM10
P98179	RBM3_HUMAN	RBM3
Q00013	EM55_HUMAN	MPP1
Q00059	TFAM_HUMAN	TFAM
Q00325	S25A3_HUMAN	SLC25A3
Q00341	VIGLN_HUMAN	HDLBP
Q00403	TF2B_HUMAN	GTF2B
Q00577	PURA_HUMAN	PURA
Q00587	BORG5_HUMAN	CDC42EP1
Q00610	CLH1_HUMAN	CLTC
Q00839	HNRPU_HUMAN	HNRNPU
Q00987	MDM2_HUMAN	MDM2
Q01130	SRSF2_HUMAN	SRSF2
Q01433	AMPD2_HUMAN	AMPD2
Q01518	CAP1_HUMAN	CAP1
Q01650	LAT1_HUMAN	SLC7A5
Q01780	EXOSX_HUMAN	EXOSC10
Q01844	EWS_HUMAN	EWSR1
Q02413	DSG1_HUMAN	DSG1
Q02543	RL18A_HUMAN	RPL18A
Q02790	FKBP4_HUMAN	FKBP4
Q02809	PLOD1_HUMAN	PLOD1
Q02878	RL6_HUMAN	RPL6
Q02952	AKA12_HUMAN	AKAP12
Q02978	M2OM_HUMAN	SLC25A11
Q03052	PO3F1_HUMAN	POU3F1
Q03393	PTPS_HUMAN	PTS
Q04323	UBXN1_HUMAN	UBXN1
Q04637	IF4G1_HUMAN	EIF4G1
Q04726	TLE3_HUMAN	TLE3
Q04837	SSBP_HUMAN	SSBP1
Q04917	1433F_HUMAN	YWHAH
Q05639	EF1A2_HUMAN	EEF1A2
Q06265	EXOS9_HUMAN	EXOSC9
Q06432	CCG1_HUMAN	CACNG1
Q06787	FMR1_HUMAN	FMR1
Q06830	PRDX1_HUMAN	PRDX1
Q07020	RL18_HUMAN	RPL18
Q07021	C1QBP_HUMAN	C1QBP
Q07065	CKAP4_HUMAN	CKAP4
Q07666	KHDR1_HUMAN	KHDRBS1
Q07812	BAX_HUMAN	BAX
Q07866	KLC1_HUMAN	KLC1
Q07955	SRSF1_HUMAN	SRSF1
Q08170	SRSF4_HUMAN	SRSF4
Q08211	DHX9_HUMAN	DHX9
Q08379	GOGA2_HUMAN	GOLGA2
Q08554	DSC1_HUMAN	DSC1
Q08945	SSRP1_HUMAN	SSRP1
Q08AM6	VAC14_HUMAN	VAC14
Q08J23	NSUN2_HUMAN	NSUN2
Q09028	RBBP4_HUMAN	RBBP4
Q09161	NCBP1_HUMAN	NCBP1
Q0VF96	CGNL1_HUMAN	CGNL1
Q10567	AP1B1_HUMAN	AP1B1
Q10570	CPSF1_HUMAN	CPSF1
Q10713	MPPA_HUMAN	PMPCA
Q12768	WASC5_HUMAN	WASHC5
Q12788	TBL3_HUMAN	TBL3
Q12824	SNF5_HUMAN	SMARCB1
Q12840	KIF5A_HUMAN	KIF5A
Q12849	GRSF1_HUMAN	GRSF1
Q12866	MERTK_HUMAN	MERTK
Q12874	SF3A3_HUMAN	SF3A3
Q12899	TRI26_HUMAN	TRIM26
Q12904	AIMP1_HUMAN	AIMP1
Q12905	ILF2_HUMAN	ILF2
Q12906	ILF3_HUMAN	ILF3
Q12926	ELAV2_HUMAN	ELAVL2
Q12931	TRAP1_HUMAN	TRAP1
Q12959	DLG1_HUMAN	DLG1
Q12996	CSTF3_HUMAN	CSTF3
Q13015	AF1Q_HUMAN	MLLT11
Q13045	FLII_HUMAN	FLII
Q13084	RM28_HUMAN	MRPL28
Q13123	RED_HUMAN	IK
Q13148	TADBP_HUMAN	TARDBP
Q13151	ROA0_HUMAN	HNRNPA0
Q13155	AIMP2_HUMAN	AIMP2
Q13162	PRDX4_HUMAN	PRDX4
Q13185	CBX3_HUMAN	CBX3
Q13200	PSMD2_HUMAN	PSMD2
Q13206	DDX10_HUMAN	DDX10
Q13217	DNJC3_HUMAN	DNAJC3
Q13242	SRSF9_HUMAN	SRSF9
Q13243	SRSF5_HUMAN	SRSF5
Q13247	SRSF6_HUMAN	SRSF6
Q13257	MD2L1_HUMAN	MAD2L1
Q13263	TIF1B_HUMAN	TRIM28
Q13283	G3BP1_HUMAN	G3BP1
Q13310	PABP4_HUMAN	PABPC4
Q13325	IFIT5_HUMAN	IFIT5
Q13330	MTA1_HUMAN	MTA1
Q13347	EIF3I_HUMAN	EIF3I
Q13371	PHLP_HUMAN	PDCL
Q13405	RM49_HUMAN	MRPL49
Q13409	DC1I2_HUMAN	DYNC1I2
Q13428	TCOF_HUMAN	TCOF1
Q13435	SF3B2_HUMAN	SF3B2
Q13451	FKBP5_HUMAN	FKBP5
Q13501	SQSTM_HUMAN	SQSTM1
Q13509	TBB3_HUMAN	TUBB3
Q13523	PRP4K_HUMAN	PRP4K
Q13541	4EBP1_HUMAN	EIF4EBP1
Q13547	HDAC1_HUMAN	HDAC1
Q13561	DCTN2_HUMAN	DCTN2
Q13573	SNW1_HUMAN	SNW1
Q13595	TRA2A_HUMAN	TRA2A
Q13601	KRR1_HUMAN	KRR1
Q13610	PWP1_HUMAN	PWP1
Q13613	MTMR1_HUMAN	MTMR1
Q13616	CUL1_HUMAN	CUL1
Q13617	CUL2_HUMAN	CUL2
Q13619	CUL4A_HUMAN	CUL4A
Q13620	CUL4B_HUMAN	CUL4B
Q13685	AAMP_HUMAN	AAMP
Q13838	DX39B_HUMAN	DDX39B
Q13868	EXOS2_HUMAN	EXOSC2
Q13885	TBB2A_HUMAN	TUBB2A
Q13895	BYST_HUMAN	BYSL
Q13952	NFYC_HUMAN	NFYC
Q14008	CKAP5_HUMAN	CKAP5
Q14011	CIRBP_HUMAN	CIRBP
Q14061	COX17_HUMAN	COX17
Q14103	HNRPD_HUMAN	HNRNPD
Q14152	EIF3A_HUMAN	EIF3A
Q14157	UBP2L_HUMAN	UBAP2L
Q14165	MLEC_HUMAN	MLEC
Q14197	ICT1_HUMAN	MRPL58
Q14203	DCTN1_HUMAN	DCTN1
Q14204	DYHC1_HUMAN	DYNC1H1
Q14232	EI2BA_HUMAN	EIF2B1
Q14244	MAP7_HUMAN	MAP7
Q14247	SRC8_HUMAN	CTTN
Q14257	RCN2_HUMAN	RCN2
Q14318	FKBP8_HUMAN	FKBP8
Q14331	FRG1_HUMAN	FRG1
Q14444	CAPR1_HUMAN	CAPRIN1
Q14493	SLBP_HUMAN	SLBP
Q14498	RBM39_HUMAN	RBM39
Q14566	MCM6_HUMAN	MCM6
Q14657	LAGE3_HUMAN	LAGE3
Q14669	TRIPC_HUMAN	TRIP12
Q14671	PUM1_HUMAN	PUM1
Q14683	SMC1A_HUMAN	SMC1A
Q14684	RRP1B_HUMAN	RRP1B
Q14697	GANAB_HUMAN	GANAB
Q14739	LBR_HUMAN	LBR
Q147X3	NAA30_HUMAN	NAA30
Q14839	CHD4_HUMAN	CHD4
Q14974	IMB1_HUMAN	KPNB1
Q14978	NOLC1_HUMAN	NOLC1
Q14997	PSME4_HUMAN	PSME4
Q14C86	GAPD1_HUMAN	GAPVD1
Q15003	CND2_HUMAN	NCAPH
Q15008	PSMD6_HUMAN	PSMD6
Q15018	ABRX2_HUMAN	ABRAXAS2
Q15019	SEPT2_HUMAN	SEPTIN2
Q15020	SART3_HUMAN	SART3
Q15021	CND1_HUMAN	NCAPD2
Q15024	EXOS7_HUMAN	EXOSC7
Q15029	U5S1_HUMAN	EFTUD2
Q15043	S39AE_HUMAN	SLC39A14
Q15046	SYK_HUMAN	KARS1
Q15056	IF4H_HUMAN	EIF4H
Q15061	WDR43_HUMAN	WDR43
Q15084	PDIA6_HUMAN	PDIA6
Q15165	PON2_HUMAN	PON2
Q15181	IPYR_HUMAN	PPA1
Q15185	TEBP_HUMAN	PTGES3
Q15208	STK38_HUMAN	STK38
Q15233	NONO_HUMAN	NONO
Q15269	PWP2_HUMAN	PWP2
Q15276	RABE1_HUMAN	RABEP1
Q15293	RCN1_HUMAN	RCN1
Q15365	PCBP1_HUMAN	PCBP1
Q15366	PCBP2_HUMAN	PCBP2
Q15369	ELOC_HUMAN	ELOC
Q15370	ELOB_HUMAN	ELOB
Q15392	DHC24_HUMAN	DHCR24
Q15393	SF3B3_HUMAN	SF3B3
Q15397	PUM3_HUMAN	PUM3
Q15417	CNN3_HUMAN	CNN3
Q15424	SAFB1_HUMAN	SAFB
Q15427	SF3B4_HUMAN	SF3B4
Q15428	SF3A2_HUMAN	SF3A2
Q15459	SF3A1_HUMAN	SF3A1
Q15527	SURF2_HUMAN	SURF2
Q15631	TSN_HUMAN	TSN
Q15637	SF01_HUMAN	SF1
Q15645	PCH2_HUMAN	TRIP13
Q15717	ELAV1_HUMAN	ELAVL1
Q15750	TAB1_HUMAN	TAB1
Q15758	AAAT_HUMAN	SLC1A5
Q15773	MLF2_HUMAN	MLF2
Q15942	ZYX_HUMAN	ZYX
Q16181	SEPT7_HUMAN	SEPTIN7
Q16186	ADRM1_HUMAN	ADRM1
Q16204	CCDC6_HUMAN	CCDC6
Q16342	PDCD2_HUMAN	PDCD2
Q16527	CSRP2_HUMAN	CSRP2
Q16531	DDB1_HUMAN	DDB1
Q16540	RM23_HUMAN	MRPL23
Q16543	CDC37_HUMAN	CDC37
Q16576	RBBP7_HUMAN	RBBP7
Q16629	SRSF7_HUMAN	SRSF7
Q16630	CPSF6_HUMAN	CPSF6
Q16637	SMN_HUMAN	SMN1; SMN2
Q16718	NDUA5_HUMAN	NDUFA5
Q16775	GLO2_HUMAN	HAGH
Q16795	NDUA9_HUMAN	NDUFA9
Q16878	CDO1_HUMAN	CDO1
Q16881	TRXR1_HUMAN	TXNRD1
Q16891	MIC60_HUMAN	IMMT
Q1KMD3	HNRL2_HUMAN	HNRNPUL2
Q2M389	WASC4_HUMAN	WASHC4
Q2NL82	TSR1_HUMAN	TSR1
Q2TAY7	SMU1_HUMAN	SMU1
Q32MZ4	LRRF1_HUMAN	LRRFIP1
Q3KQU3	MA7D1_HUMAN	MAP7D1
Q3MHD2	LSM12_HUMAN	LSM12
Q3SYG4	PTHB1_HUMAN	BBS9
Q3ZCM7	TBB8_HUMAN	TUBB8
Q3ZCQ8	TIM50_HUMAN	TIMM50
Q4G0A6	MINY4_HUMAN	MINDY4
Q4G0J3	LARP7_HUMAN	LARP7
Q4V328	GRAP1_HUMAN	GRIPAP1
Q4VCS5	AMOT_HUMAN	AMOT
Q52LJ0	FA98B_HUMAN	FAM98B
Q53EZ4	CEP55_HUMAN	CEP55
Q53F19	NCBP3_HUMAN	NCBP3
Q53GQ0	DHB12_HUMAN	HSD17B12
Q53GS7	GLE1_HUMAN	GLE1
Q53H12	AGK_HUMAN	AGK
Q562R1	ACTBL_HUMAN	ACTBL2
Q58FF8	H90B2_HUMAN	HSP90AB2P
Q58FG1	HS904_HUMAN	HSP90AA4P
Q5BKZ1	ZN326_HUMAN	ZNF326
Q5H9R7	PP6R3_HUMAN	PPP6R3
Q5H9U9	DDX6L_HUMAN	DDX60L
Q5JTH9	RRP12_HUMAN	RRP12
Q5JTJ3	COA6_HUMAN	COA6
Q5JTZ9	SYAM_HUMAN	AARS2
Q5RKV6	EXOS6_HUMAN	EXOSC6
Q5SSJ5	HP1B3_HUMAN	HP1BP3
Q5SW79	CE170_HUMAN	CEP170
Q5T089	MORN1_HUMAN	MORN1
Q5T0J7	TEX35_HUMAN	TEX35
Q5T3I0	GPTC4_HUMAN	GPATCH4
Q5T4S7	UBR4_HUMAN	UBR4
Q5T653	RM02_HUMAN	MRPL2
Q5T749	KPRP_HUMAN	KPRP
Q5T750	KPLCE_HUMAN	KPLCE
Q5T8P6	RBM26_HUMAN	RBM26
Q5T9A4	ATD3B_HUMAN	ATAD3B
Q5TAQ9	DCAF8_HUMAN	DCAF8
Q5VTE6	ANGE2_HUMAN	ANGEL2
Q5VTL8	PR38B_HUMAN	PRPF38B
Q5VTR2	BRE1A_HUMAN	RNF20
Q5VYS8	TUT7_HUMAN	TUT7
Q6DD87	ZN787_HUMAN	ZNF787
Q6IA86	ELP2_HUMAN	ELP2
Q6IAN0	PEXRP_HUMAN	DHRS7B
Q6IBW4	CNDH2_HUMAN	NCAPH2
Q6IQ49	SDE2_HUMAN	SDE2
Q6L8Q7	PDE12_HUMAN	PDE12
Q6NTF7	ABC3H_HUMAN	APOBEC3H
Q6NW34	RMP64_HUMAN	RMP64
Q6NYC1	JMJD6_HUMAN	JMJD6
Q6NZY4	ZCHC8_HUMAN	ZCCHC8
Q6P158	DHX57_HUMAN	DHX57
Q6P161	RM54_HUMAN	MRPL54
Q6P1J9	CDC73_HUMAN	CDC73
Q6P1L8	RM14_HUMAN	MRPL14
Q6P2E9	EDC4_HUMAN	EDC4
Q6P2Q9	PRP8_HUMAN	PRPF8
Q6P3X3	TTC27_HUMAN	TTC27
Q6P5R6	RL22L_HUMAN	RPL22L1
Q6P5Z2	PKN3_HUMAN	PKN3
Q6P6C2	ALKB5_HUMAN	ALKBH5
Q6PHR2	ULK3_HUMAN	ULK3
Q6PI48	SYDM_HUMAN	DARS2
Q6PK04	CC137_HUMAN	CCDC137
Q6PKG0	LARP1_HUMAN	LARP1
Q6UN15	FIP1_HUMAN	FIP1L1
Q6UWP8	SBSN_HUMAN	SBSN
Q6UX04	CWC27_HUMAN	CWC27
Q6UX27	VSTM1_HUMAN	VSTM1
Q6UXN9	WDR82_HUMAN	WDR82
Q6Y7W6	GGYF2_HUMAN	GIGYF2
Q6YHU6	THADA_HUMAN	THADA
Q6ZN17	LN28B_HUMAN	LIN28B
Q71DI3	H32_HUMAN	H3C15; H3C14; H3C13
Q71RC2	LARP4_HUMAN	LARP4
Q71UM5	RS27L_HUMAN	RPS27L
Q7KZF4	SND1_HUMAN	SND1
Q7L014	DDX46_HUMAN	DDX46
Q7L0Y3	TM10C_HUMAN	TRMT10C
Q7L2E3	DHX30_HUMAN	DHX30
Q7L2H7	EIF3M_HUMAN	EIF3M
Q7L2J0	MEPCE_HUMAN	MEPCE
Q7L3S4	ZN771_HUMAN	ZNF771
Q7L576	CYFP1_HUMAN	CYFIP1
Q7L5D6	GET4_HUMAN	GET4
Q7RTV0	PHF5A_HUMAN	PHF5A
Q7Z2T5	TRM1L_HUMAN	TRMT1L
Q7Z2W4	ZCCHV_HUMAN	ZC3HAV1
Q7Z2W9	RM21_HUMAN	MRPL21
Q7Z3D6	GLUCM_HUMAN	DGLUCY
Q7Z417	NUFP2_HUMAN	NUFIP2
Q7Z4G4	TRM11_HUMAN	TRMT11
Q7Z4H7	HAUS6_HUMAN	HAUS6
Q7Z4Q2	HEAT3_HUMAN	HEATR3
Q7Z4R8	CF120_HUMAN	C6orf120
Q7Z4V5	HDGR2_HUMAN	HDGFL2
Q7Z6Z7	HUWE1_HUMAN	HUWE1
Q7Z739	YTHD3_HUMAN	YTHDF3
Q7Z7C8	TAF8_HUMAN	TAF8
Q7Z7H8	RM10_HUMAN	MRPL10
Q7Z7K0	COXM1_HUMAN	CMC1
Q86SX6	GLRX5_HUMAN	GLRX5
Q86TB9	PATL1_HUMAN	PATL1
Q86TS9	RM52_HUMAN	MRPL52
Q86TU7	SETD3_HUMAN	SETD3
Q86U42	PABP2_HUMAN	PABPN1
Q86UP2	KTN1_HUMAN	KTN1
Q86US8	EST1A_HUMAN	SMG6
Q86UV5	UBP48_HUMAN	USP48
Q86V81	THOC4_HUMAN	ALYREF
Q86VP1	TAXB1_HUMAN	TAX1BP1
Q86VP6	CAND1_HUMAN	CAND1
Q86W50	MET16_HUMAN	METTL16
Q86WX3	AROS_HUMAN	RPS19BP1
Q86X55	CARM1_HUMAN	CARM1
Q86XZ4	SPAS2_HUMAN	SPATS2
Q86YP4	P66A_HUMAN	GATAD2A
Q8IUX4	ABC3F_HUMAN	APOBEC3F
Q8IW35	CEP97_HUMAN	CEP97
Q8IWC1	MA7D3_HUMAN	MAP7D3
Q8IWS0	PHF6_HUMAN	PHF6
Q8IWV7	UBR1_HUMAN	UBR1
Q8IWV8	UBR2_HUMAN	UBR2
Q8IWW8	HOT_HUMAN	ADHFE1
Q8IWX8	CHERP_HUMAN	CHERP
Q8IX01	SUGP2_HUMAN	SUGP2
Q8IX12	CCAR1_HUMAN	CCAR1
Q8IXB1	DJC10_HUMAN	DNAJC10
Q8IXH7	NELFD_HUMAN	NELFCD
Q8IXM3	RM41_HUMAN	MRPL41
Q8IY67	RAVR1_HUMAN	RAVER1
Q8IYB3	SRRM1_HUMAN	SRRM1
Q8IYB7	DI3L2_HUMAN	DIS3L2
Q8IYK2	TEKL1_HUMAN	TEKTL1
Q8IYM0	F186B_HUMAN	FAM186B
Q8IZ69	TRM2A_HUMAN	TRMT2A
Q8IZH2	XRN1_HUMAN	XRN1
Q8IZK6	MCLN2_HUMAN	MCOLN2
Q8IZL8	PELP1_HUMAN	PELP1
Q8N0X7	SPART_HUMAN	SPART
Q8N163	CCAR2_HUMAN	CCAR2
Q8N1F7	NUP93_HUMAN	NUP93
Q8N1G4	LRC47_HUMAN	LRRC47
Q8N2M8	CLASR_HUMAN	CLASRP
Q8N3U4	STAG2_HUMAN	STAG2
Q8N4Q1	MIA40_HUMAN	CHCHD4
Q8N5D0	WDTC1_HUMAN	WDTC1
Q8N5L8	RP25L_HUMAN	RPP25L
Q8N5N7	RM50_HUMAN	MRPL50
Q8N5P1	ZC3H8_HUMAN	ZC3H8
Q8N668	COMD1_HUMAN	COMMD1
Q8N684	CPSF7_HUMAN	CPSF7
Q8N7H5	PAF1_HUMAN	PAF1
Q8N7M0	DYLT5_HUMAN	DYNLT5
Q8N8S7	ENAH_HUMAN	ENAH
Q8N983	RM43_HUMAN	MRPL43
Q8N9M1	CS047_HUMAN	C19orf47
Q8N9T8	KRI1_HUMAN	KRI1
Q8NBJ4	GOLM1_HUMAN	GOLM1
Q8NBM4	UBAC2_HUMAN	UBAC2
Q8NBP7	PCSK9_HUMAN	PCSK9
Q8NBS9	TXND5_HUMAN	TXNDC5
Q8NC51	SERB1_HUMAN	SERBP1
Q8NC60	NOA1_HUMAN	NOA1
Q8NCA5	FA98A_HUMAN	FAM98A
Q8ND56	LS14A_HUMAN	LSM14A
Q8NDC0	MISSL_HUMAN	MAPK1IP1L
Q8NEJ9	NGDN_HUMAN	NGDN
Q8NEV4	MYO3A_HUMAN	MYO3A
Q8NF91	SYNE1_HUMAN	SYNE1
Q8NFW8	NEUA_HUMAN	CMAS
Q8NHQ9	DDX55_HUMAN	DDX55
Q8TA86	RP9_HUMAN	RP9
Q8TAE8	G45IP_HUMAN	GADD45GIP1
Q8TAP9	MPLKI_HUMAN	MPLKIP
Q8TB72	PUM2_HUMAN	PUM2
Q8TBF4	ZCRB1_HUMAN	ZCRB1
Q8TBM8	DJB14_HUMAN	DNAJB14
Q8TBZ6	TM10A_HUMAN	TRMT10A
Q8TCG1	CIP2A_HUMAN	CIP2A
Q8TD19	NEK9_HUMAN	NEK9
Q8TEM1	PO210_HUMAN	NUP210
Q8TEQ6	GEMI5_HUMAN	GEMIN5
Q8WTQ7	GRK7_HUMAN	GRK7
Q8WU90	ZC3HF_HUMAN	ZC3H15
Q8WUA2	PPIL4_HUMAN	PPIL4
Q8WUQ7	CATIN_HUMAN	CACTIN
Q8WVC0	LEO1_HUMAN	LEO1
Q8WVD3	RN138_HUMAN	RNF138
Q8WVK7	SKA2_HUMAN	SKA2
Q8WVM0	TFB1M_HUMAN	TFB1M
Q8WVM7	STAG1_HUMAN	STAG1
Q8WVM8	SCFD1_HUMAN	SCFD1
Q8WVX9	FACR1_HUMAN	FAR1
Q8WWC4	MAIP1_HUMAN	MAIP1
Q8WWK9	CKAP2_HUMAN	CKAP2
Q8WWL2	SPIR2_HUMAN	SPIRE2
Q8WWM7	ATX2L_HUMAN	ATXN2L
Q8WWU5	TCP11_HUMAN	TCP11
Q8WWY3	PRP31_HUMAN	PRPF31
Q8WX93	PALLD_HUMAN	PALLD
Q8WXF1	PSPC1_HUMAN	PSPC1
Q8WXI9	P66B_HUMAN	GATAD2B
Q8WXX0	DYH7_HUMAN	DNAH7
Q8WXX5	DNJC9_HUMAN	DNAJC9
Q92499	DDX1_HUMAN	DDX1
Q92522	H1X_HUMAN	H1-10
Q92526	TCPW_HUMAN	CCT6B
Q92538	GBF1_HUMAN	GBF1
Q92541	RTF1_HUMAN	RTF1
Q92552	RT27_HUMAN	MRPS27
Q92572	AP3S1_HUMAN	AP3S1
Q92598	HS105_HUMAN	HSPH1
Q92600	CNOT9_HUMAN	CNOT9
Q92608	DOCK2_HUMAN	DOCK2
Q92615	LAR4B_HUMAN	LARP4B
Q92616	GCN1_HUMAN	GCN1
Q92621	NU205_HUMAN	NUP205
Q92664	TF3A_HUMAN	GTF3A
Q92665	RT31_HUMAN	MRPS31
Q92734	TFG_HUMAN	TFG
Q92769	HDAC2_HUMAN	HDAC2
Q92785	REQU_HUMAN	DPF2
Q92797	SYMPK_HUMAN	SYMPK
Q92804	RBP56_HUMAN	TAF15
Q92817	EVPL_HUMAN	EVPL
Q92841	DDX17_HUMAN	DDX17
Q92890	UFD1_HUMAN	UFD1
Q92900	RENT1_HUMAN	UPF1
Q92922	SMRC1_HUMAN	SMARCC1
Q92945	FUBP2_HUMAN	KHSRP
Q92947	GCDH_HUMAN	GCDH
Q92973	TNPO1_HUMAN	TNPO1
Q92974	ARHG2_HUMAN	ARHGEF2
Q93008	USP9X_HUMAN	USP9X
Q93009	UBP7_HUMAN	USP7
Q93045	STMN2_HUMAN	STMN2
Q969G3	SMCE1_HUMAN	SMARCE1
Q969H6	POP5_HUMAN	POP5
Q969K3	RNF34_HUMAN	RNF34
Q969Q0	RL36L_HUMAN	RPL36AL
Q96A19	C102A_HUMAN	CCDC102A
Q96A33	CCD47_HUMAN	CCDC47
Q96A35	RM24_HUMAN	MRPL24
Q96A65	EXOC4_HUMAN	EXOC4
Q96AK3	ABC3D_HUMAN	APOBEC3D
Q96B26	EXOS8_HUMAN	EXOSC8
Q96BP2	CHCH1_HUMAN	CHCHD1
Q96BR5	COA7_HUMAN	COA7
Q96C01	F136A_HUMAN	FAM136A
Q96C36	P5CR2_HUMAN	PYCR2
Q96CS3	FAF2_HUMAN	FAF2
Q96CT7	CC124_HUMAN	CCDC124
Q96D09	GASP2_HUMAN	GPRASP2
Q96DA6	TIM14_HUMAN	DNAJC19
Q96DF8	ESS2_HUMAN	ESS2
Q96DG6	CMBL_HUMAN	CMBL
Q96DH6	MSI2H_HUMAN	MSI2
Q96DI7	SNR40_HUMAN	SNRNP40
Q96DT6	ATG4C_HUMAN	ATG4C
Q96DV4	RM38_HUMAN	MRPL38
Q96DX4	RSPRY_HUMAN	RSPRY1
Q96DZ1	ERLEC_HUMAN	ERLEC1
Q96E39	RMXL1_HUMAN	RBMXL1
Q96EL3	RM53_HUMAN	MRPL53
Q96EY1	DNJA3_HUMAN	DNAJA3
Q96EY4	TMA16_HUMAN	TMA16
Q96EY7	PTCD3_HUMAN	PTCD3
Q96F86	EDC3_HUMAN	EDC3
Q96FW1	OTUB1_HUMAN	OTUB1
Q96FX7	TRM61_HUMAN	TRMT61A
Q96FZ2	HMCES_HUMAN	HMCES
Q96G46	DUS3L_HUMAN	DUS3L
Q96GA3	LTV1_HUMAN	LTV1
Q96GC5	RM48_HUMAN	MRPL48
Q96GM8	TOE1_HUMAN	TOE1
Q96H79	ZCCHL_HUMAN	ZC3HAV1L
Q96HQ2	C2AIL_HUMAN	XTBD1
Q96HR8	NAF1_HUMAN	NAF1
Q96HS1	PGAM5_HUMAN	PGAM5
Q96I24	FUBP3_HUMAN	FUBP3
Q96I59	SYNM_HUMAN	NARS2
Q96J01	THOC3_HUMAN	THOC3
Q96JH7	VCIP1_HUMAN	VCPIP1
Q96JJ3	ELMO2_HUMAN	ELMO2
Q96JP5	ZFP91_HUMAN	ZFP91
Q96K37	S35E1_HUMAN	SLC35E1
Q96K76	UBP47_HUMAN	USP47
Q96KR1	ZFR_HUMAN	ZFR
Q96LT9	RNPC3_HUMAN	RNPC3
Q96MF7	NSE2_HUMAN	NSMCE2
Q96MT3	PRIC1_HUMAN	PRICKLE1
Q96MX6	DAA10_HUMAN	DNAAF10
Q96N67	DOCK7_HUMAN	DOCK7
Q96NL6	SCLT1_HUMAN	SCLT1
Q96P16	RPR1A_HUMAN	RPRD1A
Q96P70	IPO9_HUMAN	IPO9
Q96PK6	RBM14_HUMAN	RBM14
Q96PZ0	PUS7_HUMAN	PUS7
Q96QR8	PURB_HUMAN	PURB
Q96QV6	H2A1A_HUMAN	H2AC1
Q96RS0	TGS1_HUMAN	TGS1
Q96S44	PRPK_HUMAN	TP53RK
Q96S55	WRIP1_HUMAN	WRNIP1
Q96S59	RANB9_HUMAN	RANBP9
Q96SB3	NEB2_HUMAN	PPP1R9B
Q96SB4	SRPK1_HUMAN	SRPK1
Q96SI9	STRBP_HUMAN	STRBP
Q96ST2	IWS1_HUMAN	IWS1
Q96T76	MMS19_HUMAN	MMS19
Q96TA2	YMEL1_HUMAN	YME1L1
Q99417	MYCBP_HUMAN	MYCBP
Q99436	PSB7_HUMAN	PSMB7
Q99459	CDC5L_HUMAN	CDC5L
Q99460	PSMD1_HUMAN	PSMD1
Q99471	PFD5_HUMAN	PFDN5
Q99547	MPH6_HUMAN	MPHOSPH6
Q99567	NUP88_HUMAN	NUP88
Q99575	POP1_HUMAN	POP1
Q99592	ZBT18_HUMAN	ZBTB18
Q99598	TSNAX_HUMAN	TSNAX
Q99613	EIF3C_HUMAN	EIF3C
Q99615	DNJC7_HUMAN	DNAJC7
Q99623	PHB2_HUMAN	PHB2
Q99700	ATX2_HUMAN	ATXN2
Q99707	METH_HUMAN	MTR
Q99714	HCD2_HUMAN	HSD17B10
Q99729	ROAA_HUMAN	HNRNPAB
Q99733	NP1L4_HUMAN	NAP1L4
Q99755	PI51A_HUMAN	PIP5K1A
Q99832	TCPH_HUMAN	CCT7
Q99848	EBP2_HUMAN	EBNA1BP2
Q99871	HAUS7_HUMAN	HAUS7
Q99873	ANM1_HUMAN	PRMT1
Q99942	RNF5_HUMAN	RNF5
Q99959	PKP2_HUMAN	PKP2
Q9BPW8	NIPS1_HUMAN	NIPSNAP1
Q9BPX3	CND3_HUMAN	NCAPG
Q9BPZ3	PAIP2_HUMAN	PAIP2
Q9BQ04	RBM4B_HUMAN	RBM4B
Q9BQ39	DDX50_HUMAN	DDX50
Q9BQ52	RNZ2_HUMAN	ELAC2
Q9BQ67	GRWD1_HUMAN	GRWD1
Q9BQ70	TCF25_HUMAN	TCF25
Q9BQ75	CMS1_HUMAN	CMSS1
Q9BQA1	MEP50_HUMAN	WDR77
Q9BQE3	TBA1C_HUMAN	TUBA1C
Q9BQG0	MBB1A_HUMAN	MYBBP1A
Q9BRD0	BUD13_HUMAN	BUD13
Q9BRJ2	RM45_HUMAN	MRPL45
Q9BRJ6	CHOLN_HUMAN	CHLSN
Q9BRJ7	TIRR_HUMAN	NUDT16L1
Q9BRK5	CAB45_HUMAN	SDF4
Q9BRP1	PDD2L_HUMAN	PDCD2L
Q9BRX2	PELO_HUMAN	PELO
Q9BSD7	NTPCR_HUMAN	NTPCR
Q9BSL1	UBAC1_HUMAN	UBAC1
Q9BT78	CSN4_HUMAN	COPS4
Q9BTD8	RBM42_HUMAN	RBM42
Q9BTE1	DCTN5_HUMAN	DCTN5
Q9BTE3	MCMBP_HUMAN	MCMBP
Q9BTU6	P4K2A_HUMAN	PI4K2A
Q9BTV4	TMM43_HUMAN	TMEM43
Q9BU23	LMF2_HUMAN	LMF2
Q9BU61	NDUF3_HUMAN	NDUFAF3
Q9BU76	MMTA2_HUMAN	MMTAG2
Q9BUA3	SPNDC_HUMAN	SPINDOC
Q9BUF5	TBB6_HUMAN	TUBB6
Q9BUJ2	HNRL1_HUMAN	HNRNPUL1
Q9BUL9	RPP25_HUMAN	RPP25
Q9BUQ8	DDX23_HUMAN	DDX23
Q9BV44	THUM3_HUMAN	THUMPD3
Q9BV68	RN126_HUMAN	RNF126
Q9BVA0	KTNB1_HUMAN	KATNB1
Q9BVA1	TBB2B_HUMAN	TUBB2B
Q9BVC4	LST8_HUMAN	MLST8
Q9BVG4	PBDC1_HUMAN	PBDC1
Q9BVI4	NOC4L_HUMAN	NOC4L
Q9BVP2	GNL3_HUMAN	GNL3
Q9BVS4	RIOK2_HUMAN	RIOK2
Q9BVW5	TIPIN_HUMAN	TIPIN
Q9BW30	TPPP3_HUMAN	TPPP3
Q9BW92	SYTM_HUMAN	TARS2
Q9BWF3	RBM4_HUMAN	RBM4
Q9BWH6	RPAP1_HUMAN	RPAP1
Q9BWJ5	SF3B5_HUMAN	SF3B5
Q9BWU0	NADAP_HUMAN	SLC4A1AP
Q9BXP5	SRRT_HUMAN	SRRT
Q9BXV9	GON7_HUMAN	GON7
Q9BXW7	HDHD5_HUMAN	HDHD5
Q9BY41	HDAC8_HUMAN	HDAC8
Q9BY77	PDIP3_HUMAN	POLDIP3
Q9BYB4	GNB1L_HUMAN	GNB1L
Q9BYC8	RM32_HUMAN	MRPL32
Q9BYC9	RM20_HUMAN	MRPL20
Q9BYD1	RM13_HUMAN	MRPL13
Q9BYD2	RM09_HUMAN	MRPL9
Q9BYD3	RM04_HUMAN	MRPL4
Q9BYD6	RM01_HUMAN	MRPL1
Q9BYG3	MK67I_HUMAN	NIFK
Q9BYN8	RT26_HUMAN	MRPS26
Q9BZE1	RM37_HUMAN	MRPL37
Q9BZE2	PUS3_HUMAN	PUS3
Q9BZE4	GTPB4_HUMAN	GTPBP4
Q9BZI7	REN3B_HUMAN	UPF3B
Q9BZX2	UCK2_HUMAN	UCK2
Q9BZZ5	API5_HUMAN	API5
Q9C0C7	AMRA1_HUMAN	AMBRA1
Q9C0C9	UBE2O_HUMAN	UBE2O
Q9GZP4	PITH1_HUMAN	PITHD1
Q9GZS3	SKI8_HUMAN	SKIC8
Q9GZT3	SLIRP_HUMAN	SLIRP
Q9H000	MKRN2_HUMAN	MKRN2
Q9H078	CLPB_HUMAN	CLPB
Q9H0A0	NAT10_HUMAN	NAT10
Q9H0A8	COMD4_HUMAN	COMMD4
Q9H0B6	KLC2_HUMAN	KLC2
Q9H0D6	XRN2_HUMAN	XRN2
Q9H0G5	NSRP1_HUMAN	NSRP1
Q9H0L4	CSTFT_HUMAN	CSTF2T
Q9H0R6	GATA_HUMAN	QRSL1
Q9H0U6	RM18_HUMAN	MRPL18
Q9H147	TDIF1_HUMAN	DNTTIP1
Q9H1A4	APC1_HUMAN	ANAPC1
Q9H1U4	MEGF9_HUMAN	MEGF9
Q9H2J4	PDCL3_HUMAN	PDCL3
Q9H2U1	DHX36_HUMAN	DHX36
Q9H2W6	RM46_HUMAN	MRPL46
Q9H3K6	BOLA2_HUMAN	BOLA2; BOLA2B
Q9H3P2	NELFA_HUMAN	NELFA
Q9H501	ESF1_HUMAN	ESF1
Q9H5V9	STEEP_HUMAN	STEEP1
Q9H6E5	STPAP_HUMAN	TUT1
Q9H6S0	YTDC2_HUMAN	YTHDC2
Q9H773	DCTP1_HUMAN	DCTPP1
Q9H7C9	AAMDC_HUMAN	AAMDC
Q9H7D7	WDR26_HUMAN	WDR26
Q9H7E9	CH033_HUMAN	C8orf33
Q9H814	PHAX_HUMAN	PHAX
Q9H857	NT5D2_HUMAN	NT5DC2
Q9H8G2	CAAP1_HUMAN	CAAP1
Q9H8H0	NOL11_HUMAN	NOL11
Q9H8M2	BRD9_HUMAN	BRD9
Q9H910	JUPI2_HUMAN	JPT2
Q9H936	GHC1_HUMAN	SLC25A22
Q9H974	QTRT2_HUMAN	QTRT2
Q9H9J2	RM44_HUMAN	MRPL44
Q9H9L3	I20L2_HUMAN	ISG20L2
Q9H9P8	L2HDH_HUMAN	L2HGDH
Q9H9Y4	GPN2_HUMAN	GPN2
Q9H9Y6	RPA2_HUMAN	POLR1B
Q9HA64	KT3K_HUMAN	FN3KRP
Q9HAV4	XPO5_HUMAN	XPO5
Q9HAY2	MAGF1_HUMAN	MAGEF1
Q9HB71	CYBP_HUMAN	CACYBP
Q9HBE1	PATZ1_HUMAN	PATZ1
Q9HBF4	ZFYV1_HUMAN	ZFYVE1
Q9HC16	ABC3G_HUMAN	APOBEC3G
Q9HC35	EMAL4_HUMAN	EML4
Q9HC36	MRM3_HUMAN	MRM3
Q9HCC0	MCCB_HUMAN	MCCC2
Q9HCE1	MOV10_HUMAN	MOV10
Q9HCG8	CWC22_HUMAN	CWC22
Q9HCM2	PLXA4_HUMAN	PLXNA4
Q9HCN4	GPN1_HUMAN	GPN1
Q9HCN8	SDF2L_HUMAN	SDF2L1
Q9HCU5	SEC12_HUMAN	PREB
Q9HD42	CHM1A_HUMAN	CHMP1A
Q9NNW5	WDR6_HUMAN	WDR6
Q9NP79	VTA1_HUMAN	VTA1
Q9NP92	RT30_HUMAN	MRPS30
Q9NP97	DLRB1_HUMAN	DYNLRB1
Q9NPA8	ENY2_HUMAN	ENY2
Q9NPD3	EXOS4_HUMAN	EXOSC4
Q9NPE3	NOP10_HUMAN	NOP10
Q9NPF4	OSGEP_HUMAN	OSGEP
Q9NPJ8	NXT2_HUMAN	NXT2
Q9NQ29	LUC7L_HUMAN	LUC7L
Q9NQA3	WASH6_HUMAN	WASH6P
Q9NQP4	PFD4_HUMAN	PFDN4
Q9NQT4	EXOS5_HUMAN	EXOSC5
Q9NQT5	EXOS3_HUMAN	EXOSC3
Q9NQX3	GEPH_HUMAN	GPHN
Q9NR09	BIRC6_HUMAN	BIRC6
Q9NR30	DDX21_HUMAN	DDX21
Q9NR31	SAR1A_HUMAN	SAR1A
Q9NR50	EI2BG_HUMAN	EIF2B3
Q9NR56	MBNL1_HUMAN	MBNL1
Q9NRF9	DPOE3_HUMAN	POLE3
Q9NRL3	STRN4_HUMAN	STRN4
Q9NRN7	ADPPT_HUMAN	AASDHPPT
Q9NRR5	UBQL4_HUMAN	UBQLN4
Q9NRW3	ABC3C_HUMAN	APOBEC3C
Q9NRX1	PNO1_HUMAN	PNO1
Q9NS69	TOM22_HUMAN	TOMM22
Q9NSV4	DIAP3_HUMAN	DIAPH3
Q9NTG7	SIR3_HUMAN	SIRT3
Q9NTJ3	SMC4_HUMAN	SMC4
Q9NTK5	OLA1_HUMAN	OLA1
Q9NUD5	ZCHC3_HUMAN	ZCCHC3
Q9NUJ3	T11L1_HUMAN	TCP11L1
Q9NUL3	STAU2_HUMAN	STAU2
Q9NUL7	DDX28_HUMAN	DDX28
Q9NUP7	TRM13_HUMAN	TRMT13
Q9NUP9	LIN7C_HUMAN	LIN7C
Q9NV31	IMP3_HUMAN	IMP3
Q9NV70	EXOC1_HUMAN	EXOC1
Q9NVA2	SEP11_HUMAN	SEPTIN11
Q9NVI7	ATD3A_HUMAN	ATAD3A
Q9NVN3	RIC8B_HUMAN	RIC8B
Q9NVN8	GNL3L_HUMAN	GNL3L
Q9NVP1	DDX18_HUMAN	DDX18
Q9NVS2	RT18A_HUMAN	MRPS18A
Q9NWH9	SLTM_HUMAN	SLTM
Q9NWK9	BCD1_HUMAN	ZNHIT6
Q9NWU2	GID8_HUMAN	GID8
Q9NWU5	RM22_HUMAN	MRPL22
Q9NWV8	BABA1_HUMAN	BABAM1
Q9NWW5	CLN6_HUMAN	CLN6
Q9NX24	NHP2_HUMAN	NHP2
Q9NX58	LYAR_HUMAN	LYAR
Q9NX63	MIC19_HUMAN	CHCHD3
Q9NXF7	DCA16_HUMAN	DCAF16
Q9NXG2	THUM1_HUMAN	THUMPD1
Q9NXH9	TRM1_HUMAN	TRMT1
Q9NXS2	QPCTL_HUMAN	QPCTL
Q9NXV6	CARF_HUMAN	CDKN2AIP
Q9NXW2	DJB12_HUMAN	DNAJB12
Q9NY12	GAR1_HUMAN	GAR1
Q9NY61	AATF_HUMAN	AATF
Q9NY93	DDX56_HUMAN	DDX56
Q9NYB0	TE2IP_HUMAN	TERF2IP
Q9NYB9	ABI2_HUMAN	ABI2
Q9NYF8	BCLF1_HUMAN	BCLAF1
Q9NYK5	RM39_HUMAN	MRPL39
Q9NYU2	UGGG1_HUMAN	UGGT1
Q9NZ32	ARP10_HUMAN	ACTR10
Q9NZB2	F120A_HUMAN	FAM120A
Q9NZI8	IF2B1_HUMAN	IGF2BP1
Q9NZL4	HPBP1_HUMAN	HSPBP1
Q9NZT1	CALL5_HUMAN	CALML5
Q9NZZ3	CHMP5_HUMAN	CHMP5
Q9P000	COMD9_HUMAN	COMMD9
Q9P015	RM15_HUMAN	MRPL15
Q9P031	TAP26_HUMAN	CCDC59
Q9P032	NDUF4_HUMAN	NDUFAF4
Q9P035	HACD3_HUMAN	HACD3
Q9P0J0	NDUAD_HUMAN	NDUFA13
Q9P0M6	H2AW_HUMAN	MACROH2A2
Q9P0M9	RM27_HUMAN	MRPL27
Q9P0P8	MRES1_HUMAN	MTRES1
Q9P246	STIM2_HUMAN	STIM2
Q9P258	RCC2_HUMAN	RCC2
Q9P267	MBD5_HUMAN	MBD5
Q9P287	BCCIP_HUMAN	BCCIP
Q9P2B7	CFA97_HUMAN	CFAP97
Q9P2I0	CPSF2_HUMAN	CPSF2
Q9P2J5	SYLC_HUMAN	LARS1
Q9P2R3	ANFY1_HUMAN	ANKFY1
Q9P2R7	SUCB1_HUMAN	SUCLA2
Q9UBB4	ATX10_HUMAN	ATXN10
Q9UBF2	COPG2_HUMAN	COPG2
Q9UBI1	COMD3_HUMAN	COMMD3
Q9UBN7	HDAC6_HUMAN	HDAC6
Q9UBP6	TRMB_HUMAN	METTL1
Q9UBQ5	EIF3K_HUMAN	EIF3K
Q9UBS4	DJB11_HUMAN	DNAJB11
Q9UBU9	NXF1_HUMAN	NXF1
Q9UBV2	SE1L1_HUMAN	SEL1L
Q9UBV8	PEF1_HUMAN	PEF1
Q9UBX3	DIC_HUMAN	SLC25A10
Q9UDY4	DNJB4_HUMAN	DNAJB4
Q9UEG4	ZN629_HUMAN	ZNF629
Q9UET6	TRM7_HUMAN	FTSJ1
Q9UEY8	ADDG_HUMAN	ADD3
Q9UFC0	LRWD1_HUMAN	LRWD1
Q9UH17	ABC3B_HUMAN	APOBEC3B
Q9UH62	ARMX3_HUMAN	ARMCX3
Q9UHB7	AFF4_HUMAN	AFF4
Q9UHB9	SRP68_HUMAN	SRP68
Q9UHD1	CHRD1_HUMAN	CHORDC1
Q9UHD8	SEPT9_HUMAN	SEPTIN9
Q9UHD9	UBQL2_HUMAN	UBQLN2
Q9UHH9	IP6K2_HUMAN	IP6K2
Q9UHV9	PFD2_HUMAN	PFDN2
Q9UHX1	PUF60_HUMAN	PUF60
Q9UI09	NDUAC_HUMAN	NDUFA12
Q9UI10	EI2BD_HUMAN	EIF2B4
Q9UI30	TR112_HUMAN	TRMT112
Q9UID3	VPS51_HUMAN	VPS51
Q9UJA5	TRM6_HUMAN	TRMT6
Q9UJC3	HOOK1_HUMAN	HOOK1
Q9UJS0	S2513_HUMAN	SLC25A13
Q9UJV9	DDX41_HUMAN	DDX41
Q9UJW0	DCTN4_HUMAN	DCTN4
Q9UJX2	CDC23_HUMAN	CDC23
Q9UJX3	APC7_HUMAN	ANAPC7
Q9UJZ1	STML2_HUMAN	STOML2
Q9UKD2	MRT4_HUMAN	MRTO4
Q9UKF6	CPSF3_HUMAN	CPSF3
Q9UKK6	NXT1_HUMAN	NXT1
Q9UKM9	RALY_HUMAN	RALY
Q9UKN8	TF3C4_HUMAN	GTF3C4
Q9UKV3	ACINU_HUMAN	ACIN1
Q9UKV8	AGO2_HUMAN	AGO2
Q9UKX7	NUP50_HUMAN	NUP50
Q9UL15	BAG5_HUMAN	BAG5
Q9UL40	ZN346_HUMAN	ZNF346
Q9ULA0	DNPEP_HUMAN	DNPEP
Q9ULI1	NWD2_HUMAN	NWD2
Q9ULT8	HECD1_HUMAN	HECTD1
Q9ULW3	ABT1_HUMAN	ABT1
Q9ULX6	AKP8L_HUMAN	AKAP8L
Q9UM13	APC10_HUMAN	ANAPC10
Q9UMS4	PRP19_HUMAN	PRPF19
Q9UMX0	UBQL1_HUMAN	UBQLN1
Q9UN81	LORF1_HUMAN	L1RE1
Q9UN86	G3BP2_HUMAN	G3BP2
Q9UNE7	CHIP_HUMAN	STUB1
Q9UNF1	MAGD2_HUMAN	MAGED2
Q9UNH7	SNX6_HUMAN	SNX6
Q9UNL2	SSRG_HUMAN	SSR3
Q9UNM6	PSD13_HUMAN	PSMD13
Q9UNQ2	DIM1_HUMAN	DIMT1
Q9UNS2	CSN3_HUMAN	COPS3
Q9UNX3	RL26L_HUMAN	RPL26L1
Q9UPN7	PP6R1_HUMAN	PPP6R1
Q9UPN9	TRI33_HUMAN	TRIM33
Q9UPP1	PHF8_HUMAN	PHF8
Q9UPT8	ZC3H4_HUMAN	ZC3H4
Q9UPY3	DICER_HUMAN	DICER1
Q9UQ35	SRRM2_HUMAN	SRRM2
Q9UQE7	SMC3_HUMAN	SMC3
Q9UQN3	CHM2B_HUMAN	CHMP2B
Q9Y224	RTRAF_HUMAN	RTRAF
Q9Y230	RUVB2_HUMAN	RUVBL2
Q9Y237	PIN4_HUMAN	PIN4
Q9Y241	HIG1A_HUMAN	HIGD1A
Q9Y262	EIF3L_HUMAN	EIF3L
Q9Y265	RUVB1_HUMAN	RUVBL1
Q9Y266	NUDC_HUMAN	NUDC
Q9Y285	SYFA_HUMAN	FARSA
Q9Y291	RT33_HUMAN	MRPS33
Q9Y295	DRG1_HUMAN	DRG1
Q9Y2A7	NCKP1_HUMAN	NCKAP1
Q9Y2E4	DIP2C_HUMAN	DIP2C
Q9Y2L1	RRP44_HUMAN	DIS3
Q9Y2Q9	RT28_HUMAN	MRPS28
Q9Y2R5	RT17_HUMAN	MRPS17
Q9Y2R9	RT07_HUMAN	MRPS7
Q9Y2S7	PDIP2_HUMAN	POLDIP2
Q9Y2T2	AP3M1_HUMAN	AP3M1
Q9Y2W1	TR150_HUMAN	THRAP3
Q9Y2X3	NOP58_HUMAN	NOP58
Q9Y2Z0	SGT1_HUMAN	SUGT1
Q9Y2Z4	SYYM_HUMAN	YARS2
Q9Y312	AAR2_HUMAN	AAR2
Q9Y333	LSM2_HUMAN	LSM2
Q9Y383	LC7L2_HUMAN	LUC7L2
Q9Y399	RT02_HUMAN	MRPS2
Q9Y3B2	EXOS1_HUMAN	EXOSC1
Q9Y3B4	SF3B6_HUMAN	SF3B6
Q9Y3B7	RM11_HUMAN	MRPL11
Q9Y3B9	RRP15_HUMAN	RRP15
Q9Y3C1	NOP16_HUMAN	NOP16
Q9Y3C6	PPIL1_HUMAN	PPIL1
Q9Y3D0	CIA2B_HUMAN	CIAO2B
Q9Y3D3	RT16_HUMAN	MRPS16
Q9Y3D5	RT18C_HUMAN	MRPS18C
Q9Y3D6	FIS1_HUMAN	FIS1
Q9Y3D9	RT23_HUMAN	MRPS23
Q9Y3F4	STRAP_HUMAN	STRAP
Q9Y3I0	RTCB_HUMAN	RTCB
Q9Y3T6	R3HC1_HUMAN	R3HCC1
Q9Y3U8	RL36_HUMAN	RPL36
Q9Y3Y2	CHTOP_HUMAN	CHTOP
Q9Y3Z3	SAMH1_HUMAN	SAMHD1
Q9Y421	FA32A_HUMAN	FAM32A
Q9Y450	HBS1L_HUMAN	HBS1L
Q9Y4A5	TRRAP_HUMAN	TRRAP
Q9Y4C2	TCAF1_HUMAN	TCAF1
Q9Y4C8	RBM19_HUMAN	RBM19
Q9Y4E8	UBP15_HUMAN	USP15
Q9Y4I1	MYO5A_HUMAN	MYO5A
Q9Y4L5	RN115_HUMAN	RNF115
Q9Y4P3	TBL2_HUMAN	TBL2
Q9Y4W6	AFG32_HUMAN	AFG3L2
Q9Y4Y9	LSM5_HUMAN	LSM5
Q9Y4Z0	LSM4_HUMAN	LSM4
Q9Y508	RN114_HUMAN	RNF114
Q9Y520	PRC2C_HUMAN	PRRC2C
Q9Y580	RBM7_HUMAN	RBM7
Q9Y5A9	YTHD2_HUMAN	YTHDF2
Q9Y5B6	PAXB1_HUMAN	PAXBP1
Q9Y5B9	SP16H_HUMAN	SUPT16H
Q9Y5J9	TIM8B_HUMAN	TIMM8B
Q9Y5K6	CD2AP_HUMAN	CD2AP
Q9Y5L4	TIM13_HUMAN	TIMM13
Q9Y5Q8	TF3C5_HUMAN	GTF3C5
Q9Y5Q9	TF3C3_HUMAN	GTF3C3
Q9Y5S9	RBM8A_HUMAN	RBM8A
Q9Y5V0	ZN706_HUMAN	ZNF706
Q9Y5V3	MAGD1_HUMAN	MAGED1
Q9Y5Y2	NUBP2_HUMAN	NUBP2
Q9Y606	TRUA_HUMAN	PUS1
Q9Y657	SPIN1_HUMAN	SPIN1
Q9Y676	RT18B_HUMAN	MRPS18B
Q9Y678	COPG1_HUMAN	COPG1
Q9Y696	CLIC4_HUMAN	CLIC4
Q9Y697	NFS1_HUMAN	NFS1
Q9Y6A4	CFA20_HUMAN	CFAP20
Q9Y6A5	TACC3_HUMAN	TACC3
Q9Y6G9	DC1L1_HUMAN	DYNC1LI1
Q9Y6K9	NEMO_HUMAN	IKBKG
Q9Y6M1	IF2B2_HUMAN	IGF2BP2
Q9Y6M9	NDUB9_HUMAN	NDUFB9
